,Name_of_Book,Name_of_Author,Genre
0, Lucky Girl , Jamie Pacton , YA Fiction  /  YA 
1,  ★ On Juneteenth , Annette Gordon-Reed , Nonfiction  /  History  /  American History 
2, Pawcasso , Remy Lai , Children's  /  Middle Grade 
3, The Most Beautiful Girl in Cuba , Chanel Cleeton , Fiction  /  Historical Fiction 
4, Why Peacocks? , Sean Flynn , Nonfiction  /  Science & Nature  /  Animals 
5, The Last Thing He Told Me , Laura Dave , Fiction  /  Family Drama 
6, The Secret History of Home Economics , Danielle Dreilinger , Nonfiction  /  History  /  Women's History 
7, Little and Often , Trent Preszler , Nonfiction  /  Memoir  /  Family & Relationships 
8, The Wreckage of My Presence , Casey Wilson , Nonfiction  /  Essays  /  Humor 
9,  ★ Secrets of Happiness , Joan Silber , Fiction  /  Family Drama 
