,Period,Description
0,Overnight,"Clear, with a low around 53. West wind around 7 mph. "
1,Sunday,"Sunny, with a high near 71. West wind 7 to 15 mph, with gusts as high as 20 mph. "
2,Sunday Night,"Clear, with a low around 52. West wind 6 to 14 mph, with gusts as high as 18 mph. "
3,Monday,"Sunny, with a high near 77. Light west northwest wind becoming west 10 to 15 mph in the afternoon. Winds could gust as high as 20 mph. "
4,Monday Night,"Mostly clear, with a low around 52. West wind 5 to 14 mph. "
5,Tuesday,"Sunny, with a high near 75."
6,Tuesday Night,"Mostly clear, with a low around 51."
7,Wednesday,"Sunny, with a high near 69."
8,Wednesday Night,"Partly cloudy, with a low around 51."
9,Thursday,"Mostly sunny, with a high near 67."
10,Thursday Night,"Partly cloudy, with a low around 51."
11,Friday,"Mostly sunny, with a high near 65."
12,Friday Night,"Partly cloudy, with a low around 51."
13,Saturday,"Mostly sunny, with a high near 65."
