,Movie_Name_Indian,IMDB_rating_Indian
0, 1. Ship of Theseus (2012) ,8.1
1, 2. Iruvar (1997) ,8.5
2, 3. Kaagaz Ke Phool (1959) ,8
3, 4. Lagaan: Once Upon a Time in India (2001) ,8.1
4, 5. Pather Panchali (1955) ,8.6
5, 6. Charulata (1964) ,8.3
6, 7. Rang De Basanti (2006) ,8.1
7, 8. Dev.D (2009) ,8
8, 9. 3 Idiots (2009) ,8.4
9, 10. Awaara (1951) ,7.9
10, 11. Nayakan (1987) ,8.6
11, 12. Aparajito (1956) ,8.4
12, 13. Pushpaka Vimana (1987) ,8.6
13, 14. Pyaasa (1957) ,8.5
14, 15. Ghatashraddha (1977) ,7.4
15, 16. Sholay (1975) ,8.2
16, 17. Aradhana (1969) ,7.6
17, 18. Do Ankhen Barah Haath (1957) ,8.4
18, 19. Bombay (1995) ,8.1
19, 20. Neecha Nagar (1946) ,6.7
20, 21. Do Bigha Zamin (1953) ,8.4
21, 22. Garm Hava (1974) ,8.1
22, 23. Piravi (1989) ,7.7
23, 24. Mughal-E-Azam (1960) ,8.2
24, 25. Amma Ariyan (1986) ,7.1
25, 26. Madhumati (1958) ,8
26, 27. Goopy Gyne Bagha Byne (1969) ,8.8
27, 28. Gangs of Wasseypur (2012) ,8.2
28, 29. Guide (1965) ,8.4
29, 30. Satya (1998) ,8.2
30, 31. Roja (1992) ,8.2
31, 32. Mr. India (1987) ,7.8
32, 33. The Cloud-Capped Star (1960) ,8
33, 34. Harishchandrachi Factory (2009) ,8.4
34, 35. Masoom (1983) ,8.4
35, 36. Agneepath (1990) ,7.7
36, 37. Tabarana Kathe (1986) ,8
37, 38. Zakhm (1998) ,7.9
38, 39. Dil Chahta Hai (2001) ,8.1
39, 40. Bhaag Milkha Bhaag (2013) ,8.2
40, 41. Chupke Chupke (1975) ,8.3
41, 42. Dilwale Dulhania Le Jayenge (1995) ,8.1
42, 43. Taare Zameen Par (2007) ,8.4
43, 44. Ardh Satya (1983) ,8.2
44, 45. Bhumika (1977) ,7.5
45, 46. Enthiran (2010) ,7.1
46, 47. Sadma (1983) ,8.4
47, 48. Shwaas (2004) ,8.3
48, 49. Lamhe (1991) ,7.4
49, 50. Haqeeqat (1964) ,7.8
50, 51. Shree 420 (1955) ,8
51, 52. Kannathil Muthamittal (2002) ,8.4
52, 53. Hum Aapke Hain Koun...! (1994) ,7.5
53, 54. Ustad Hotel (2012) ,8.2
54, 55. Bandit Queen (1994) ,7.6
55, 56. Lakshya (2004) ,7.9
56, 57. Black Friday (2004) ,8.5
57, 58. Manthan (1976) ,7.7
58, 59. Apoorva Raagangal (1975) ,7.5
59, 60. English Vinglish (2012) ,7.8
60, 61. Jewel Thief (1967) ,8
61, 62. Pakeezah (1972) ,7.4
62, 63. Maqbool (2003) ,8.1
63, 64. Jis Desh Men Ganga Behti Hai (1960) ,7.4
64, 65. Sahib Bibi Aur Ghulam (1962) ,8.3
65, 66. Shatranj Ke Khilari (1977) ,7.7
66, 67. Narthanasala (1963) ,7.6
67, 68. Chandni Bar (2001) ,7.6
68, 69. Vaaranam Aayiram (2008) ,8.1
69, 70. Mr. and Mrs. Iyer (2002) ,7.9
70, 71. Chandni (1989) ,6.8
71," 72. English, August (1994) ",6.8
72, 73. Celluloid (2013) ,7.7
73, 74. Sagara Sangamam (1983) ,8.8
74, 75. Munna Bhai M.B.B.S. (2003) ,8.1
75, 76. Saaransh (1984) ,8.2
76, 77. Guddi (1971) ,7.2
77, 78. Vanaja (2006) ,7.1
78, 79. Vazhakku Enn 18/9 (2012) ,8.3
79, 80. Gangaajal (2003) ,7.8
80, 81. Angoor (1982) ,8.3
81, 82. Guru (2007) ,7.7
82, 83. Andaz Apna Apna (1994) ,8.2
83, 84. Sangam (I) (1964) ,7.5
84, 85. Oka Oori Katha (1978) ,7.6
85, 86. Bhuvan Shome (1969) ,7.5
86, 87. Border (I) (1997) ,7.9
87, 88. Parineeta (2005) ,7.2
88, 89. Devdas (1955) ,7.9
89, 90. Abohomaan (2009) ,7.4
90, 91. Kuch Kuch Hota Hai (1998) ,7.6
91, 92. Pithamagan (2003) ,8.3
92, 93. Veyyil (2006) ,7.7
93, 94. Chemmeen (1965) ,7.8
94, 95. Jaane Bhi Do Yaaro (1983) ,8.4
95, 96. Apur Sansar (1959) ,8.5
96, 97. Kanchivaram (2008) ,8.1
97, 98. Monsoon Wedding (2001) ,7.3
98, 99. Black (2005) ,8.2
99, 100. Deewaar (1975) ,8.1
